local_id,source_key,title,authors,first_author,year,doi,pmid,pmcid,arxiv,venue,volume,issue,pages,publisher,lang,url,confidence,status,provenance,last_checked,parents,abstract,keywords,open_access,doc_type,hit_openalex,hit_crossref,hit_semanticscholar,match_strategy,winner_source,field_sources,filled_by_source_counts,resolver_notes,il_outcome,il_failed_ids,il_missing_ids,il_met_ids,il_uncertain_ids,il_evidence_json,il_reason_summary
A005,101007s1063901796760,A review of the use of virtual reality head-mounted displays in education and training,Lasse X Jensen; Flemming Konradsen,Lasse X Jensen,2017.0,10.1007/s10639-017-9676-0,,,,Education and Information Technologies,23,4,1515-1529,Springer Science and Business Media LLC,en,https://doi.org/10.1007/s10639-017-9676-0,0.9,resolved,openalex,2026-01-22T21:47:39Z,X001,"In the light of substantial improvements to the quality and availability of virtual reality (VR) hardware seen since 2013, this review seeks to update our knowledge about the use of head-mounted displays (HMDs) in education and training. Following a comprehensive search 21 documents reporting on experimental studies were identified, quality assessed, and analysed. The quality assessment shows that the study quality was below average according to the Medical Education Research Study Quality Instrument, especially for the studies that were designed as user evaluations of educational VR products. The review identified a number of situations where HMDs are useful for skills acquisition. These include cognitive skills related to remembering and understanding spatial and visual information and knowledge; psychomotor skills related to head-movement, such as visual scanning or observational skills; and affective skills related to controlling your emotional response to stressful or difficult situations. Outside of these situations the HMDs had no advantage when compared to less immersive technologies or traditional instruction and in some cases even proved counterproductive because of widespread cybersickness, technological challenges, or because the immersive experience distracted from the learning task.",Psychomotor learning; Virtual reality; Task (project management); Quality (philosophy); Cognition; Computer science; Cognitive load; Dreyfus model of skill acquisition; Psychology; Multimedia; Human–computer interaction; Applied psychology,False,article,True,True,True,doi,,"{'venue': 'crossref', 'volume': 'crossref', 'issue': 'crossref', 'pages': 'crossref', 'publisher': 'crossref', 'url': 'crossref', 'lang': 'crossref', 'abstract': 'unpaywall'}","{'crossref': 7, 'unpaywall': 1}","X001.R000 resolved | hits:OA,CR,S2 | winner:- | filled:venue:CR; lang:CR; abstract:UN | missing:-",PASS_CLEAN,,,A2,,"{""A2"": {""status"": ""MET"", ""decision"": ""meet"", ""confidence"": 0.8, ""threshold"": 0.6, ""field"": ""abstract"", ""quote"": ""The paper does not rely on desktop-only non-immersive VR."", ""quote_valid"": false, ""span"": [123, 146], ""used"": true}}",PASS_CLEAN: all IL criteria MET.
A013,101007s1005501803641,Verification of the possibility and effectiveness of experiential learning using HMD-based immersive VR technologies,Chongsan Kwon,Chongsan Kwon,2018.0,10.1007/s10055-018-0364-1,,,,Virtual Reality,23,1,101-118,Springer Science and Business Media LLC,en,https://doi.org/10.1007/s10055-018-0364-1,0.9,resolved,openalex,2026-01-22T21:47:43Z,X001,"This paper examines the possibility of experiential learning in a virtual space using head-mounted-display-based immersive virtual reality (VR) technologies. Experiential learning refers to learning through direct experiences in the context of learning. Realistically, experiential learning is impossible in most cases, but VR technologies allowing direct interaction with virtual environments and objects are being developed and commercialized. These technologies are predicted to enhance vividness, interactivity, presence, flow, and experientiality, and increase the expectations of the possibility of experiential learning using VR. Thus, in this study, an experiment was conducted to verify such possibility. The analysis of the experiment results showed that the tactile interactivity and presence improved with the use of enhanced interaction technologies in VR, and in terms of experientiality, the experiment participants became highly aware of the ""exploratory stage,"" referring to the level of experience of being exposed to an interesting site and directly touching an object in the currently enhanced VR in providing direct tactile and locomotive interactivity. Furthermore, the fact that the learning effect is also partially enhanced was discovered. Accordingly, it was determined that experiential learning using VR is possible based on the experiment results, which showed that the enhanced vividness and interactivity of VR technologies allow the users to closely recognize virtual experiences as direct experiences, and that the learning effect is enhanced. It was also determined that experiential learning in a virtual environment that is identical to an experience in reality would be made possible in the near future based on continued technological development.",Interactivity; Experiential learning; Virtual reality; Computer science; Human–computer interaction; Instructional simulation; Multimedia; Context (archaeology); Psychology; Paleontology; Biology; Mathematics education,True,article,True,True,False,doi,,"{'venue': 'crossref', 'volume': 'crossref', 'issue': 'crossref', 'pages': 'crossref', 'publisher': 'crossref', 'url': 'crossref', 'lang': 'crossref'}",{'crossref': 7},"X001.R000 resolved | hits:OA,CR | winner:- | filled:venue:CR; lang:CR | missing:-",EXCLUSION_SUPPRESSED,,,,,"{""A2"": {""status"": ""SUPPRESSED"", ""decision"": ""not_meet"", ""confidence"": 0.7, ""threshold"": 0.6, ""field"": ""abstract"", ""quote"": """", ""quote_valid"": false, ""span"": null, ""used"": true}}","EXCLUSION_SUPPRESSED: the model answered not_meet on A2 — a removal justified by absence, which is never auto-acted, whatever the provider (flag-only is in force for this provider besides). The record was NOT excluded and needs human review."
A037,thevirtualrealityrovingvehicleproject,The Virtual Reality Roving Vehicle Project,William Winn,William Winn,1995.0,https://openalex.org/W1536858276,,,,,,,,,en,,0.9,resolved,openalex,2026-01-22T21:48:00Z,X002,"Between November 1994 and June 1995, almost 3,000 students in grades four through 12 throughout the state of Washington experienced Virtual Reality (VR) in their classrooms. Another 365 built their own Virtual Worlds. The Virtual Reality Roving Vehicle project (VRRV, pronounced verve) was funded by the US WEST Foundation to bring VR equipment and experiences to children in all areas of the state. The project was based at the Human Interface Technology Laboratory (HITL), part of the Washington Technology Center on the University of Washington campus in Seattle. The VRRV team consisted of software designers and engineers from HITL, Educational Technology faculty and students from the College of Education, a cadre of Van Techs who did everything from loading and driving vans to giving presentations and demonstrations in schools, plus students and teachers in close to 70 schools. Here, I describe what we did, how we did it, what we learned and what we plan to do next. What We Did Our goals were ambitious. First, we wanted as many children as possible to experience immersive VR and to discuss with them its potential and limitations. Popular media has hyped VR to excess and we felt that youngsters need to understand that VR is a technology that still has to mature before it is used widely. Second, we wanted to get our high-end workstations and software out of the lab and into children's hands, confident that they would use them effectively and imaginatively. And third, we wanted to see whether having students build virtual worlds that embodied concepts and principles they were learning as part of their regular curriculum would help them understand what they were studying. We were especially interested in determining whether this radically new technology and the learning strategies it supports can help children who are judged by traditional criteria to be less likely to succeed in school. Experience has shown that the only way technology can be successful in schools is if teachers and students have access to the machines they need, have the software to make them work, and have the knowledge and skill to take control of both. We addressed the access issue by setting up a van-based outreach program that carried VR workstations to schools. In the schools where worlds were built, we addressed software and control issues by providing the schools with modeling software that teachers and students learned to use, by building our own Supercard tool for automatically generating computer code that made virtual objects behave in particular ways, by putting on training workshops for teachers, and by working long hours with children as they planned and built their worlds. We used two vans. Each was equipped with a Division, Inc. Provision 100 workstation, a head-mounted display that provides stereo vision and audio, a hand-held wand for moving through virtual worlds and manipulating virtual objects, and an electromagnetic tracker that tracked both the position and attitude of the student's hand and head. The Provision 100 is a 486 system running UNIX. It achieves its high rate for rendering graphic images by graphics boards that provide massively parallel graphic processing. The system has sound capability. It runs dVISE software from Division (based in the U.K., with a U.S. office) that uses a C-like scripting language that serves to build and run virtual worlds. A limited amount of authoring and editing can be done through a graphic interface that runs under X-Windows. Centered Around Two Projects Our plan centered around two projects, which we called the Hors d'oeuvre and the Entree. All schools enjoyed the hors d'oeuvre; 14 stayed for the entree. For the hors d'oeuvre, we took a van to each of the VRRV schools for a day, longer in a few cases. We began by giving a presentation about VR to one or two classes of students and their teachers, spending time discussing VR with them. …",Virtual reality; Plan (archaeology); Engineering; Computer science; Human–computer interaction; History; Archaeology,False,article,True,False,False,title,openalex,"{'doi': 'openalex', 'lang': 'heuristic'}","{'openalex': 1, 'heuristic': 1}",X002.R000 resolved | hits:OA | winner:openalex | filled:doi:OP; lang:HE | missing:-,EXCLUSION_SUPPRESSED,,,,,"{""A2"": {""status"": ""SUPPRESSED"", ""decision"": ""not_meet"", ""confidence"": 0.6, ""threshold"": 0.6, ""field"": ""abstract"", ""quote"": """", ""quote_valid"": false, ""span"": null, ""used"": true}}","EXCLUSION_SUPPRESSED: the model answered not_meet on A2 — a removal justified by absence, which is never auto-acted, whatever the provider (flag-only is in force for this provider besides). The record was NOT excluded and needs human review."
A094,101162105474699566341,Virtual Reality as Communication Tool: A Sociocognitive Analysis,Giuseppe Riva,Giuseppe Riva,1999.0,10.1162/105474699566341,,,,Presence: Teleoperators and Virtual Environments,8,4,462-468,MIT Press - Journals,en,https://doi.org/10.1162/105474699566341,0.9,resolved,openalex,2026-01-22T21:48:19Z,X003,"Virtual reality (VR) is usually described by the media as a particular collection of technological hardware: a computer capable of 3-D real-time animation, a head-mounted display, and data gloves equipped with one or more position trackers. However, this focus on technology is somewhat disappointing for communication researchers and VR designers. To overcome this limitation, this paper describes VR as a communication tool: a communication medium in the case of multiuser VR and a communication interface in single-user VR. The consequences of this approach for the design and the development of VR systems are presented, together with the methodological and technical implications for the study of interactive communication via computers.",Virtual reality; Human–computer interaction; Computer science; Focus (optics); Animation; BitTorrent tracker; Multimedia; Computer-mediated reality; Mixed reality; Computer graphics (images); Artificial intelligence; Eye tracking,False,article,True,True,False,doi,,"{'venue': 'crossref', 'volume': 'crossref', 'issue': 'crossref', 'pages': 'crossref', 'publisher': 'crossref', 'url': 'crossref', 'lang': 'crossref'}",{'crossref': 7},"X003.R000 resolved | hits:OA,CR | winner:- | filled:venue:CR; lang:CR | missing:-",REVIEW,,,,A2,"{""A2"": {""status"": ""UNCERTAIN"", ""decision"": ""not_meet"", ""confidence"": 0.5, ""threshold"": 0.6, ""field"": ""abstract"", ""quote"": """", ""quote_valid"": false, ""span"": null, ""used"": true}}",REVIEW: uncertain A2
A176,101023a1012049406877,Construct3D: A Virtual Reality Application for Mathematics and Geometry Education,Hannes Kaufmann; Dieter Schmalstieg; Michael G. Wagner,Hannes Kaufmann,2000.0,10.1023/a:1012049406877,,,,Education and Information Technologies,5,4,263-276,Springer Science and Business Media LLC,en,https://doi.org/10.1023/a:1012049406877,0.9,resolved,openalex,2026-01-22T21:49:10Z,X006,Construct3D is a three dimensional geometric construction tool based on the collaborative augmented reality system ‘Studierstube’. Our setup uses a stereoscopic head mounted display (HMD) and the Personal Interaction Panel (PIP) - a two-handed 3D interaction tool that simplifies 3D model interaction. Means of application in mathematics and geometry education at high school as well as university level are being discussed. A pilot study summarizes the strengths and possible extensions of our system. Anecdotal evidence supports our claim that the use of Construct3D is easy to learn and encourages experimentation with geometric constructions.,Stereoscopy; Human–computer interaction; Computer science; Educational technology; Augmented reality; Optical head-mounted display; Computer graphics (images); Geometric modeling; Multimedia; Mathematics education; Artificial intelligence; Mathematics,False,article,True,True,True,doi,,"{'venue': 'crossref', 'volume': 'crossref', 'issue': 'crossref', 'pages': 'crossref', 'publisher': 'crossref', 'url': 'crossref', 'lang': 'crossref', 'abstract': 'unpaywall'}","{'crossref': 7, 'unpaywall': 1}","X006.R000 resolved | hits:OA,CR,S2 | winner:- | filled:venue:CR; lang:CR; abstract:UN | missing:-",REVIEW,,,,A2,"{""A2"": {""status"": ""UNCERTAIN"", ""decision"": ""not_meet"", ""confidence"": 0.4, ""threshold"": 0.6, ""field"": ""abstract"", ""quote"": """", ""quote_valid"": false, ""span"": null, ""used"": true}}",REVIEW: uncertain A2
A182,10114527931072793117,Exploring Gameplay Experiences on the Oculus Rift,Chek Tien Tan; Tuck Wah Leong; Songjia Shen; Christopher Dubravs; Si Chen,Chek Tien Tan,2015.0,10.1145/2793107.2793117,,,,Proceedings of the 2015 Annual Symposium on Computer-Human Interaction in Play,,,253-263,ACM,en,https://doi.org/10.1145/2793107.2793117,0.9,resolved,openalex,2026-01-22T21:49:12Z,X006,"Compared to previous head-mounted displays, the compact and low-cost Oculus Rift has claimed to offer improved virtual reality experiences. However, how and what kinds of user experiences are encountered by people when using the Rift in actual gameplay has not been examined. We present an exploration of 10 participants' experiences of playing a first-person shooter game using the Rift. Despite cybersickness and a lack of control, participants experienced heightened experiences, a richer engagement with passive game elements, a higher degree of flow and a deeper immersion on the Rift than on a desktop setup. Overly demanding movements, such as the large range of head motion required to navigate the game environment were found to adversely affect gaming experiences. Based on these and other findings, we also present some insights for designing games for the Rift.",Rift; Immersion (mathematics); Virtual reality; Computer science; Human–computer interaction; Psychology; Geology; Pure mathematics; Mathematics; Paleontology; Structural basin,False,conference,True,True,False,doi,,"{'venue': 'crossref', 'pages': 'crossref', 'publisher': 'crossref', 'url': 'crossref', 'lang': 'heuristic'}","{'crossref': 4, 'heuristic': 1}","X006.R000 resolved | hits:OA,CR | winner:- | filled:venue:CR; lang:HE | missing:-",PASS_CLEAN,,,A2,,"{""A2"": {""status"": ""MET"", ""decision"": ""meet"", ""confidence"": 0.9, ""threshold"": 0.6, ""field"": ""abstract"", ""quote"": ""on the Rift than on a desktop setup."", ""quote_valid"": true, ""span"": [65, 79], ""used"": true}}",PASS_CLEAN: all IL criteria MET.
A229,101109eicemc20031247937,Cave Automatic Virtual Environment,H. Creagh,H. Creagh,2004.0,10.1109/eicemc.2003.1247937,,,,Proceedings: Electrical Insulation Conference and Electrical Manufacturing and Coil Winding Technology Conference (Cat. No.03CH37480),,,499-504,IEEE,en,https://doi.org/10.1109/eicemc.2003.1247937,0.9,resolved,openalex,2026-01-22T21:49:35Z,X009,"Technology has come a long way in the last decade. Many automotive, military vehicle, and other production and design companies have moved on from the 2D design programs to 3D virtual reality designs. The Cave Automatic Virtual Environment (CAVE) is a projection-based Virtual Reality display that was developed at the Electronic Visualization Laboratory. This projection system displays images in a 3D immersive four-walled room. It uses a real-time viewer-centered head tracking perspective with a large angle of view, interactive control, and binocular display.",Cave automatic virtual environment; Virtual reality; Computer science; Visualization; Cave; Computer graphics (images); Perspective (graphical); Projection (relational algebra); Optical head-mounted display; Virtual machine; Automotive industry; Human–computer interaction,False,conference,True,True,False,doi,,"{'venue': 'crossref', 'pages': 'crossref', 'publisher': 'crossref', 'url': 'crossref', 'lang': 'heuristic'}","{'crossref': 4, 'heuristic': 1}","X009.R000 resolved | hits:OA,CR | winner:- | filled:venue:CR; lang:HE | missing:-",EXCLUSION_SUPPRESSED,,,,,"{""A2"": {""status"": ""SUPPRESSED"", ""decision"": ""not_meet"", ""confidence"": 0.8, ""threshold"": 0.6, ""field"": ""abstract"", ""quote"": """", ""quote_valid"": false, ""span"": null, ""used"": true}}","EXCLUSION_SUPPRESSED: the model answered not_meet on A2 — a removal justified by absence, which is never auto-acted, whatever the provider (flag-only is in force for this provider besides). The record was NOT excluded and needs human review."
A285,10114528567672856796,RelaWorld,Ilkka Kosunen; Mikko Salminen; Simo Järvelä; Antti Ruonala; Niklas Ravaja; Giulio Jacucci,Ilkka Kosunen,2016.0,10.1145/2856767.2856796,,,,Proceedings of the 21st International Conference on Intelligent User Interfaces,,,208-217,ACM,en,https://doi.org/10.1145/2856767.2856796,0.9,resolved,openalex,2026-01-22T21:49:56Z,X010,"Meditation in general and mindfulness in particular have been shown to be useful techniques in the treatment of a plethora of ailments, yet they can be challenging for novices. We present RelaWorld: a neuroadaptive virtual reality meditation system that combines virtual reality with neurofeedback to provide a tool that is easy for novices to use yet provides added value even for experienced meditators. Using a head-mounted display, users can levitate in a virtual world by doing meditation exercises. The system measures users' brain activity in real time via EEG and calculates estimates for the level of conCentration and relaxation. These values are then mapped into the virtual reality. In a user study of 43 subjects, we were able to show that the RelaWorld system elicits deeper relaxation, feeling of presence and a deeper level of meditation when compared to a similar setup without head-mounted display or neurofeedback.",Neurofeedback; Meditation; Virtual reality; Relaxation (psychology); Feeling; Computer science; Human–computer interaction; Electroencephalography; Mindfulness; Psychology; Psychotherapist; Neuroscience,False,conference,True,True,False,doi,,"{'venue': 'crossref', 'pages': 'crossref', 'publisher': 'crossref', 'url': 'crossref', 'lang': 'heuristic'}","{'crossref': 4, 'heuristic': 1}","X010.R000 resolved | hits:OA,CR | winner:- | filled:venue:CR; lang:HE | missing:-",PASS_CLEAN,,,A2,,"{""A2"": {""status"": ""MET"", ""decision"": ""meet"", ""confidence"": 0.7, ""threshold"": 0.6, ""field"": ""abstract"", ""quote"": ""head-mounted display, users can levitate in a virtual world by doing meditation exercises."", ""quote_valid"": true, ""span"": [39, 64], ""used"": true}}",PASS_CLEAN: all IL criteria MET.
A286,101109tvcg20182873737,"Towards BCI-Based Interfaces for Augmented Reality: Feasibility, Design and Evaluation",Hakim Si-Mohammed; Jimmy Petit; Camille Jeunet; Ferran Argelaguet; Fabien Spindler; Andéol Évain; Nicolas Roussel; Géry Casiez; Anatole Lécuyer,Hakim Si-Mohammed,2018.0,10.1109/tvcg.2018.2873737,https://pubmed.ncbi.nlm.nih.gov/30295623,,,IEEE Transactions on Visualization and Computer Graphics,26,3,1608-1621,Institute of Electrical and Electronics Engineers (IEEE),en,https://doi.org/10.1109/tvcg.2018.2873737,0.9,resolved,openalex,2026-01-22T21:49:56Z,X010,"Brain-Computer Interfaces (BCIs) enable users to interact with computers without any dedicated movement, bringing new hands-free interaction paradigms. In this paper we study the combination of BCI and Augmented Reality (AR). We first tested the feasibility of using BCI in AR settings based on Optical See-Through Head-Mounted Displays (OST-HMDs). Experimental results showed that a BCI and an OST-HMD equipment (EEG headset and Hololens in our case) are well compatible and that small movements of the head can be tolerated when using the BCI. Second, we introduced a design space for command display strategies based on BCI in AR, when exploiting a famous brain pattern called Steady-State Visually Evoked Potential (SSVEP). Our design space relies on five dimensions concerning the visual layout of the BCI menu; namely: orientation, frame-of-reference, anchorage, size and explicitness. We implemented various BCI-based display strategies and tested them within the context of mobile robot control in AR. Our findings were finally integrated within an operational prototype based on a real mobile robot that is controlled in AR using a BCI and a HoloLens headset. Taken together our results (4 user studies) and our methodology could pave the way to future interaction schemes in Augmented Reality exploiting 3D User Interfaces based on brain activity and BCIs.",Headset; Brain–computer interface; Computer science; Augmented reality; Human–computer interaction; Context (archaeology); Headphones; Visualization; Optical head-mounted display; Interface (matter); Virtual reality; Artificial intelligence,True,article,True,True,False,doi,,"{'venue': 'crossref', 'volume': 'crossref', 'issue': 'crossref', 'pages': 'crossref', 'publisher': 'crossref', 'url': 'crossref', 'lang': 'heuristic'}","{'crossref': 6, 'heuristic': 1}","X010.R000 resolved | hits:OA,CR | winner:- | filled:venue:CR; lang:HE | missing:-",REVIEW,,,,A2,"{""A2"": {""status"": ""UNCERTAIN"", ""decision"": ""not_meet"", ""confidence"": 0.5, ""threshold"": 0.6, ""field"": ""abstract"", ""quote"": """", ""quote_valid"": false, ""span"": null, ""used"": true}}",REVIEW: uncertain A2
A289,1052200005939400430053,NeuRow: An Immersive VR Environment for Motor-Imagery Training with the Use of Brain-Computer Interfaces and Vibrotactile Feedback,Athanasios Vourvopoulos; André Ferreira; Sergi Bermúdez i Badia,Athanasios Vourvopoulos,2016.0,10.5220/0005939400430053,,,,Proceedings of the 3rd International Conference on Physiological Computing Systems,,,,SCITEPRESS - Science and Technology Publications,en,https://doi.org/10.5220/0005939400430053,0.9,resolved,openalex,2026-01-22T21:49:57Z,X010,"Motor-Imagery offers a solid foundation for the development of Brain-Computer Interfaces (BCIs), capable of direct brain-to-computer communication but also effective in alleviating neurological impairments. The fusion of BCIs with Virtual Reality (VR) allowed the enhancement of the field of virtual rehabilitation by including patients with low-level of motor control with limited access to treatment. BCI-VR technology has pushed research towards finding new solutions for better and reliable BCI control. Based on our previous work, we have developed NeuRow, a novel multiplatform prototype that makes use of multimodal feedback in an immersive VR environment delivered through a state-of-the-art Head Mounted Display (HMD). In this article we present the system design and development, including important features for creating a closed neurofeedback loop in an implicit manner, and preliminary data on user performance and user acceptance of",Brain–computer interface; Computer science; Motor imagery; Training (meteorology); Human–computer interaction; Virtual reality; Multimedia; Electroencephalography; Psychology; Neuroscience; Physics; Meteorology,True,conference,True,True,True,doi,,"{'venue': 'crossref', 'publisher': 'crossref', 'url': 'crossref', 'abstract': 'semanticscholar', 'lang': 'heuristic'}","{'crossref': 3, 'semanticscholar': 1, 'heuristic': 1}","X010.R000 resolved | hits:OA,CR,S2 | winner:- | filled:venue:CR; lang:HE; abstract:SE | missing:-",PASS_CLEAN,,,A2,,"{""A2"": {""status"": ""MET"", ""decision"": ""meet"", ""confidence"": 0.8, ""threshold"": 0.6, ""field"": ""abstract"", ""quote"": ""Virtual Reality (VR) environment delivered through a state-of-the-art Head Mounted Display (HMD)."", ""quote_valid"": false, ""span"": [53, 76], ""used"": true}}",PASS_CLEAN: all IL criteria MET.
A291,10114532672423267268,PhysioHMD,Guillermo Bernal; Tao Yang; Abhinandan Jain; Pattie Maes,Guillermo Bernal,2018.0,10.1145/3267242.3267268,,,,Proceedings of the 2018 ACM International Symposium on Wearable Computers,,,160-167,ACM,en,https://doi.org/10.1145/3267242.3267268,0.9,resolved,openalex,2026-01-22T21:49:58Z,X010,"Virtual and augmented reality headsets are unique as they have access to our facial area: an area that presents an excellent opportunity for always-available input and insight into the user's state. Their position on the face makes it possible to capture bio-signals as well as facial expressions. This paper introduces the PhysioHMD, a software and hardware modular interface built for collecting affect and physiological data from users wearing a head-mounted display. The PhysioHMD platform is a flexible architecture enables researchers and developers to aggregate and interprets signals in real-time, and use those to develop novel, personalized interactions and evaluate virtual experiences. Offering an interface that is not only easy to extend but also is complemented by a suite of tools for testing and analysis. We hope that PhysioHMD can become a universal, publicly available testbed for VR and AR researchers.",Testbed; Computer science; Suite; Human–computer interaction; Modular design; Interface (matter); Virtual reality; Software; Architecture; Face (sociological concept); User interface; Facial recognition system,False,conference,True,True,False,doi,,"{'venue': 'crossref', 'pages': 'crossref', 'publisher': 'crossref', 'url': 'crossref', 'lang': 'heuristic'}","{'crossref': 4, 'heuristic': 1}","X010.R000 resolved | hits:OA,CR | winner:- | filled:venue:CR; lang:HE | missing:-",PASS_CLEAN,,,A2,,"{""A2"": {""status"": ""MET"", ""decision"": ""meet"", ""confidence"": 0.85, ""threshold"": 0.6, ""field"": ""abstract"", ""quote"": ""The paper does not rely on desktop-only non-immersive VR."", ""quote_valid"": false, ""span"": [36, 74], ""used"": true}}",PASS_CLEAN: all IL criteria MET.
A299,101109cw201524,Art Behind the Mind: Exploring New Art Forms by Implementation of the Electroencephalography,Alena Mesárošová; Manuel Ferrer Hernández,Alena Mesárošová,2015.0,10.1109/cw.2015.24,,,,2015 International Conference on Cyberworlds (CW),,,259-266,IEEE,en,https://doi.org/10.1109/cw.2015.24,0.9,resolved,openalex,2026-01-22T21:50:00Z,X010,"The wide spread of emerging new technologies affects and modifies the artistic creation and practice. In this article the authors present proliferating technology of electroencephalography (EEG) within the field of art. Focusing on the applications of creative or artistic character and introducing the changes that have experienced different artistic disciplines such as sound, video, videogames and augmented reality by implanting the EEG technologies. Analyzing the recent examples of artworks that involve the EEG for the user interaction. Explaining how the users immersive experience in applications using EEG increases by applying the vision of virtual content through Head Mounted Display (HMD) and stereoscopic projection. The authors also present their own ""Neuro-ARt-Game"" experimental project called ""Robot & Robotnik"", inspired by Karel Capek's theater play ""R.U.R."". An interactive stereoscopic augmented reality installation which employs the EEG to grant the interaction between the user and the artwork. The interaction is entirely conditioned by the user's brain activity, creating in this manner a unique brain computer interface (BCI) for art and Augmented Reality.",Electroencephalography; Human–computer interaction; Augmented reality; Computer science; Virtual reality; Brain–computer interface; Karel; Stereoscopy; Multimedia; Artificial intelligence; Psychology; Psychiatry,False,conference,True,True,False,doi,,"{'venue': 'crossref', 'pages': 'crossref', 'publisher': 'crossref', 'url': 'crossref', 'lang': 'heuristic'}","{'crossref': 4, 'heuristic': 1}","X010.R000 resolved | hits:OA,CR | winner:- | filled:venue:CR; lang:HE | missing:-",EXCLUSION_SUPPRESSED,,,,,"{""A2"": {""status"": ""SUPPRESSED"", ""decision"": ""not_meet"", ""confidence"": 0.7, ""threshold"": 0.6, ""field"": ""abstract"", ""quote"": """", ""quote_valid"": false, ""span"": null, ""used"": true}}","EXCLUSION_SUPPRESSED: the model answered not_meet on A2 — a removal justified by absence, which is never auto-acted, whatever the provider (flag-only is in force for this provider besides). The record was NOT excluded and needs human review."
A308,101109access20192952613,Development of an Online Home Appliance Control System Using Augmented Reality and an SSVEP-Based Brain–Computer Interface,Seonghun Park; Ho‐Seung Cha; Chang‐Hwan Im,Seonghun Park,2019.0,10.1109/access.2019.2952613,,,,IEEE Access,7,,163604-163614,Institute of Electrical and Electronics Engineers (IEEE),en,https://doi.org/10.1109/access.2019.2952613,0.9,resolved,openalex,2026-01-22T21:50:04Z,X010,"In this study, we implemented a new home appliance control system by combining electroencephalography (EEG)-based brain-computer interface (BCI), augmented reality (AR), and internet of things (IoT) technologies. We adopted a steady-state visual evoked potential (SSVEP)-based BCI paradigm for the implementation of a fast and robust BCI system. In the offline experiment, we compared the performances of three BCIs adopting different types of visual stimuli in an AR environment to determine the optimal visual stimulus. In the online experiment, we evaluated the feasibility of the proposed smart home system using the optimal stimulus by controlling three home appliances in real time. The visual stimuli were presented on a see-through head-mounted display (HMD), while the recorded brain activity was analyzed to classify the control command, and the home appliances were controlled through IoT. In the offline experiment, a grow/shrink stimulus (GSS) consisting of a star-shaped flickering object of varying size was selected as the optimal stimulus, eliciting SSVEP responses more effectively than the other options. In the online experiment, all users could turn the BCI-based control system on/off whenever they wanted using the eye-blinking-based electrooculogram (EOG) switch, and could successfully perform all the designated control tasks without difficulty. The average classification accuracy of the SSVEP-BCI-based control system was 92.8%, with an information transfer rate (ITR) of 37.4 bits/min. The proposed system exhibited an excellent performance, surpassing the best results reported in previous studies regarding external device control based on BCI using an HMD as rendering device.",Brain–computer interface; Computer science; Electroencephalography; Information transfer; Augmented reality; Headphones; Stimulus (psychology); Interface (matter); Visualization; Control system; Flicker; Artificial intelligence,True,article,True,True,False,doi,,"{'venue': 'crossref', 'volume': 'crossref', 'pages': 'crossref', 'publisher': 'crossref', 'url': 'crossref', 'lang': 'heuristic'}","{'crossref': 5, 'heuristic': 1}","X010.R000 resolved | hits:OA,CR | winner:- | filled:venue:CR; lang:HE | missing:-",EXCLUSION_SUPPRESSED,,,,,"{""A2"": {""status"": ""SUPPRESSED"", ""decision"": ""not_meet"", ""confidence"": 0.65, ""threshold"": 0.6, ""field"": ""abstract"", ""quote"": """", ""quote_valid"": false, ""span"": null, ""used"": true}}","EXCLUSION_SUPPRESSED: the model answered not_meet on A2 — a removal justified by absence, which is never auto-acted, whatever the provider (flag-only is in force for this provider besides). The record was NOT excluded and needs human review."
A311,1010801044731820191604473,A Dynamic User Interface Based BCI Environmental Control System,Saisai Zhong; Yadong Liu; Yang Yu; Jingsheng Tang; Zongtan Zhou; Dewen Hu,Saisai Zhong,2019.0,10.1080/10447318.2019.1604473,,,,International Journal of Human–Computer Interaction,36,1,55-66,Informa UK Limited,en,https://doi.org/10.1080/10447318.2019.1604473,0.9,resolved,openalex,2026-01-22T21:50:05Z,X010,"In this study, a dynamic user interface (UI) is proposed in visual P300 Brain-Computer Interface (BCI) based environmental control system. A head-mounted Augmented Reality (AR) glass is used as the interactive media, which is used to assists the BCI system to build the dynamic UI with the scene in subject's field of view. In the dynamic UI, based on the objects detected by the AR glass, options are dynamically generated. The subject can assign tasks by selecting different options in the dynamic UI. Five subjects successfully completed the task of controlling household appliances and navigating wheelchairs to designated destinations. Compared to static UI, the proposed dynamic UI has a 17.4% improvement in time delay. On average, only 1.9% of the commands resulted in incorrect operations. The dynamic UI makes progress in reducing time delay and incorrect operations. The proposed system provides a brand-new interactive method in BCI based applications.",Brain–computer interface; Computer science; Interface (matter); Task (project management); Human–computer interaction; User interface; Control (management); Multimedia; Artificial intelligence; Operating system; Engineering; Systems engineering,False,article,True,True,False,doi,,"{'venue': 'crossref', 'volume': 'crossref', 'issue': 'crossref', 'pages': 'crossref', 'publisher': 'crossref', 'url': 'crossref', 'lang': 'crossref'}",{'crossref': 7},"X010.R000 resolved | hits:OA,CR | winner:- | filled:venue:CR; lang:CR | missing:-",EXCLUSION_SUPPRESSED,,,,,"{""A2"": {""status"": ""SUPPRESSED"", ""decision"": ""not_meet"", ""confidence"": 0.75, ""threshold"": 0.6, ""field"": ""abstract"", ""quote"": """", ""quote_valid"": false, ""span"": null, ""used"": true}}","EXCLUSION_SUPPRESSED: the model answered not_meet on A2 — a removal justified by absence, which is never auto-acted, whatever the provider (flag-only is in force for this provider besides). The record was NOT excluded and needs human review."
A314,101109smc201800749,SSVEP-Based BCI in Virtual Reality - Control of a Vacuum Cleaner Robot,Piotr Stawicki; Felix Gembler; Cheuk Yin Chan; Mihaly Benda; Aya Rezeika; Abdul Saboor; Roland Grichnik; Ivan Volosyak,Piotr Stawicki,2018.0,10.1109/smc.2018.00749,,,,"2018 IEEE International Conference on Systems, Man, and Cybernetics (SMC)",,,534-537,IEEE,en,https://doi.org/10.1109/smc.2018.00749,0.9,resolved,openalex,2026-01-22T21:50:06Z,X010,"Brain-Computer Interfaces (BCIs) allow communication and control of the environment without the use of peripheral muscles. One of the standard BCI paradigms is based on steady state visual evoked potentials (SSVEPs), brain signals induced by gazing at a constantly flickering target. In this article, a VR SSVEP-based steering simulation is presented and evaluated in comparison to a standard desktop version. Three control classes were used to control the application. The experimental task was to steer a virtual vacuum robot and collect 10 dust piles (for this, at least 31 command classifications were required). Participants were instructed to complete the task twice, using a head mounted display (HMD) and the laptop screen for visual stimulation. All participants were able to complete the task in both scenarios. Mean accuracies of 98.91% and 97.48% and mean ITRs of 23.96 and 20.71 bits/min were achieved for the HMD and desktop control, respectively. On average, the number of commands needed to complete the task in the online experiment was 32.00 and 32.75, for the HMD and desktop scenario, respectively.",Brain–computer interface; Laptop; Computer science; Task (project management); Virtual reality; Robot; Simulation; Virtual machine; Human–computer interaction; Electroencephalography; Artificial intelligence; Engineering,False,conference,True,True,False,doi,,"{'venue': 'crossref', 'pages': 'crossref', 'publisher': 'crossref', 'url': 'crossref', 'lang': 'heuristic'}","{'crossref': 4, 'heuristic': 1}","X010.R000 resolved | hits:OA,CR | winner:- | filled:venue:CR; lang:HE | missing:-",PASS_CLEAN,,,A2,,"{""A2"": {""status"": ""MET"", ""decision"": ""meet"", ""confidence"": 0.9, ""threshold"": 0.6, ""field"": ""abstract"", ""quote"": ""Participants were instructed to complete the task twice, using a head mounted display (HMD) and the laptop screen for visual stimulation."", ""quote_valid"": true, ""span"": [256, 283], ""used"": true}}",PASS_CLEAN: all IL criteria MET.
A323,103390s20041204,Embodiment Is Related to Better Performance on a Brain–Computer Interface in Immersive Virtual Reality: A Pilot Study,Julia M. Juliano; Ryan Spicer; Athanasios Vourvopoulos; Stéphanie Lefebvre; Kay Jann; Tyler Ard; Emiliano Santarnecchi; David M. Krum; Sook‐Lei Liew,Julia M. Juliano,2020.0,10.3390/s20041204,https://pubmed.ncbi.nlm.nih.gov/32098317,,,Sensors,20,4,1204,MDPI AG,en,https://doi.org/10.3390/s20041204,0.9,resolved,openalex,2026-01-22T21:50:11Z,X010,"Electroencephalography (EEG)-based brain–computer interfaces (BCIs) for motor rehabilitation aim to “close the loop” between attempted motor commands and sensory feedback by providing supplemental information when individuals successfully achieve specific brain patterns. Existing EEG-based BCIs use various displays to provide feedback, ranging from displays considered more immersive (e.g., head-mounted display virtual reality (HMD-VR)) to displays considered less immersive (e.g., computer screens). However, it is not clear whether more immersive displays improve neurofeedback performance and whether there are individual performance differences in HMD-VR versus screen-based neurofeedback. In this pilot study, we compared neurofeedback performance in HMD-VR versus a computer screen in 12 healthy individuals and examined whether individual differences on two measures (i.e., presence, embodiment) were related to neurofeedback performance in either environment. We found that, while participants’ performance on the BCI was similar between display conditions, the participants’ reported levels of embodiment were significantly different. Specifically, participants experienced higher levels of embodiment in HMD-VR compared to a computer screen. We further found that reported levels of embodiment positively correlated with neurofeedback performance only in HMD-VR. Overall, these preliminary results suggest that embodiment may relate to better performance on EEG-based BCIs and that HMD-VR may increase embodiment compared to computer screens.",Neurofeedback; Brain–computer interface; Virtual reality; Electroencephalography; Computer science; Sensorimotor rhythm; Motor imagery; Brain activity and meditation; Human–computer interaction; Psychology; Neuroscience,True,article,True,True,False,doi,,"{'venue': 'crossref', 'volume': 'crossref', 'issue': 'crossref', 'pages': 'crossref', 'publisher': 'crossref', 'url': 'crossref', 'lang': 'crossref'}",{'crossref': 7},"X010.R000 resolved | hits:OA,CR | winner:- | filled:venue:CR; lang:CR | missing:-",PASS_CLEAN,,,A2,,"{""A2"": {""status"": ""MET"", ""decision"": ""meet"", ""confidence"": 0.85, ""threshold"": 0.6, ""field"": ""abstract"", ""quote"": ""head-mounted display virtual reality (HMD-VR)"", ""quote_valid"": true, ""span"": [169, 179], ""used"": true}}",PASS_CLEAN: all IL criteria MET.
A325,10114533138313376599,Neo-Noumena,Nathan Semertzidis; Michaela Vranic‐Peters; Josh Andrés; Brahmi Dwivedi; Yutika Chandrashekhar Kulwe; Fabio Zambetta; Florian Mueller,Nathan Semertzidis,2020.0,10.1145/3313831.3376599,,,,Proceedings of the 2020 CHI Conference on Human Factors in Computing Systems,,,1-13,ACM,en,https://doi.org/10.1145/3313831.3376599,0.9,resolved,openalex,2026-01-22T21:50:12Z,X010,"The subjective experience of emotion is notoriously difficult to interpersonally communicate. We believe that technology can challenge this notion through the design of neuroresponsive systems for interpersonal communication. We explore this through ""Neo-Noumena"", a communicative neuroresponsive system that uses brain-computer interfacing and artificial intelligence to read one's emotional states and dynamically represent them to others in mixed reality through two head-mounted displays. In our study five participant pairs were given Neo-Noumena for three days, using the system freely. Measures of emotional competence demonstrated a statistically significant increase in participants' ability to interpersonally regulate emotions. Furthermore, participant interviews revealed themes regarding Spatiotemporal Actualization, Objective Representation, and Preternatural Transmission. We also suggest design strategies for future augmented emotion communication systems. We intend that work gives guidance towards a future in which our ability to interpersonally communicate emotion is augmented beyond traditional experience.",Interfacing; Interpersonal communication; Psychology; Emotional intelligence; Competence (human resources); Human–computer interaction; Computer science; Communicative competence; Social psychology; Pedagogy; Computer hardware,False,conference,True,True,False,doi,,"{'venue': 'crossref', 'pages': 'crossref', 'publisher': 'crossref', 'url': 'crossref', 'lang': 'heuristic'}","{'crossref': 4, 'heuristic': 1}","X010.R000 resolved | hits:OA,CR | winner:- | filled:venue:CR; lang:HE | missing:-",EXCLUSION_SUPPRESSED,,,,,"{""A2"": {""status"": ""SUPPRESSED"", ""decision"": ""not_meet"", ""confidence"": 0.6, ""threshold"": 0.6, ""field"": ""abstract"", ""quote"": """", ""quote_valid"": false, ""span"": null, ""used"": true}}","EXCLUSION_SUPPRESSED: the model answered not_meet on A2 — a removal justified by absence, which is never auto-acted, whatever the provider (flag-only is in force for this provider besides). The record was NOT excluded and needs human review."
A327,10114533344803382889,Attention-Aware Brain Computer Interface to Avoid Distractions in Augmented Reality,Lisa-Marie Vortmann; Felix Putze,Lisa-Marie Vortmann,2020.0,10.1145/3334480.3382889,,,,Extended Abstracts of the 2020 CHI Conference on Human Factors in Computing Systems,,,1-8,ACM,en,https://doi.org/10.1145/3334480.3382889,0.9,resolved,openalex,2026-01-22T21:50:13Z,X010,"Recently, the idea of using BCIs in Augmented Reality settings to operate systems has emerged. One problem of such head-mounted displays is the distraction caused by an unavoidable display of control elements even when focused on internal thoughts. In this project, we reduced this distraction by including information about the current attentional state. A multimodal smart-home environment was altered to adapt to the user's state of attention. The system only responded if the attentional orientation was classified as ""external"". The classification was based on multimodal EEG and eye tracking data. Seven users tested the attention-aware system in comparison to the unaware system. We show that the adaptation of the interface improved the usability of the system. We conclude that more systems would benefit from awareness of the user's ongoing attentional state.",Distraction; Computer science; Human–computer interaction; Augmented reality; Usability; Interface (matter); Adaptation (eye); Orientation (vector space); Eye tracking; Brain–computer interface; User interface; State (computer science),False,conference,True,True,False,doi,,"{'venue': 'crossref', 'pages': 'crossref', 'publisher': 'crossref', 'url': 'crossref', 'lang': 'heuristic'}","{'crossref': 4, 'heuristic': 1}","X010.R000 resolved | hits:OA,CR | winner:- | filled:venue:CR; lang:HE | missing:-",PASS_CLEAN,,,A2,,"{""A2"": {""status"": ""MET"", ""decision"": ""meet"", ""confidence"": 0.9, ""threshold"": 0.6, ""field"": ""abstract"", ""quote"": ""Augmented reality (AR) environment via a see-through head-mounted display (HMD)"", ""quote_valid"": false, ""span"": [145, 168], ""used"": true}}",PASS_CLEAN: all IL criteria MET.
A336,101109bci5127220219385365,Development of an Online Home Appliance Control System for the Elderly Based on SSVEP-Based Brain-Computer Interface: A Feasibility Study,Seonghun Park; Jisoo Ha; Ho‐Seung Cha; Kyeong-Gu Lee; Chang‐Hwan Im,Seonghun Park,2021.0,10.1109/bci51272.2021.9385365,,,,2021 9th International Winter Conference on Brain-Computer Interface (BCI),,,1-2,IEEE,en,https://doi.org/10.1109/bci51272.2021.9385365,0.9,resolved,openalex,2026-01-22T21:50:18Z,X010,"Brain-computer interface (BCI) is a technology that provides a direct communication channel between a user and the external environment using the user's brain activity. For the past decades, however, most BCI systems were tested with young people, even though the elderly are the primary target users of the BCI systems. Moreover, it has been frequently reported that a BCI system with the elderly showed significantly lower performance than that with young people. In the present study, to evaluate the feasibility of a steady-state visual evoked potential (SSVEP)-BCI-based home appliance control system, seventeen people over the age of 65 were recruited in an offline experiment in which their SSVEP responses were recorded while the visual stimuli were presented in an augmented reality (AR) environment via a see-through head-mounted display (HMD). The average classification accuracy of 94.1% and an information transfer rate (ITR) of 46.5 bits/min were achieved with respect to the window size of 3 s. Based on the results from the offline experiment, we tested the proposed online home appliance control system with a 65-year-aged female while the online experiment is still ongoing, increasing the number of the participants.",Brain–computer interface; Computer science; Interface (matter); Information transfer; Channel (broadcasting); Window (computing); Visualization; Human–computer interaction; Transfer (computing); Electroencephalography; Artificial intelligence; Psychology,False,conference,True,True,False,doi,,"{'venue': 'crossref', 'pages': 'crossref', 'publisher': 'crossref', 'url': 'crossref', 'lang': 'heuristic'}","{'crossref': 4, 'heuristic': 1}","X010.R000 resolved | hits:OA,CR | winner:- | filled:venue:CR; lang:HE | missing:-",EXCLUSION_SUPPRESSED,,,,,"{""A2"": {""status"": ""SUPPRESSED"", ""decision"": ""not_meet"", ""confidence"": 0.7, ""threshold"": 0.6, ""field"": ""abstract"", ""quote"": """", ""quote_valid"": false, ""span"": null, ""used"": true}}","EXCLUSION_SUPPRESSED: the model answered not_meet on A2 — a removal justified by absence, which is never auto-acted, whatever the provider (flag-only is in force for this provider besides). The record was NOT excluded and needs human review."
A347,101186s12938022010208,A novel brain-controlled wheelchair combined with computer vision and augmented reality,Kaixuan Liu; Yang Yu; Yadong Liu; Jingsheng Tang; Xinbin Liang; Xingxing Chu; Zongtan Zhou,Kaixuan Liu,2022.0,10.1186/s12938-022-01020-8,https://pubmed.ncbi.nlm.nih.gov/35883092,,,BioMedical Engineering OnLine,21,1,,Springer Science and Business Media LLC,en,https://doi.org/10.1186/s12938-022-01020-8,0.9,resolved,openalex,2026-01-22T21:50:23Z,X010,"Abstract  
                 Background 
                 Brain-controlled wheelchairs (BCWs) are important applications of brain–computer interfaces (BCIs). Currently, most BCWs are semiautomatic. When users want to reach a target of interest in their immediate environment, this semiautomatic interaction strategy is slow. 
                
                 Methods 
                 To this end, we combined computer vision (CV) and augmented reality (AR) with a BCW and proposed the CVAR-BCW: a BCW with a novel automatic interaction strategy. The proposed CVAR-BCW uses a translucent head-mounted display (HMD) as the user interface, uses CV to automatically detect environments, and shows the detected targets through AR technology. Once a user has chosen a target, the CVAR-BCW can automatically navigate to it. For a few scenarios, the semiautomatic strategy might be useful. We integrated a semiautomatic interaction framework into the CVAR-BCW. The user can switch between the automatic and semiautomatic strategies. 
                
                 Results 
                 We recruited 20 non-disabled subjects for this study and used the accuracy, information transfer rate (ITR), and average time required for the CVAR-BCW to reach each designated target as performance metrics. The experimental results showed that our CVAR-BCW performed well in indoor environments: the average accuracies across all subjects were 83.6% (automatic) and 84.1% (semiautomatic), the average ITRs were 8.2 bits/min (automatic) and 8.3 bits/min (semiautomatic), the average times required to reach a target were 42.4 s (automatic) and 93.4 s (semiautomatic), and the average workloads and degrees of fatigue for the two strategies were both approximately 20. 
                
                 Conclusions 
                 Our CVAR-BCW provides a user-centric interaction approach and a good framework for integrating more advanced artificial intelligence technologies, which may be useful in the field of disability assistance.",CVAR; Computer science; Augmented reality; Computer vision; Artificial intelligence; Human–computer interaction; Economics; Risk management; Expected shortfall; Management,True,article,True,True,False,doi,,"{'venue': 'crossref', 'volume': 'crossref', 'issue': 'crossref', 'publisher': 'crossref', 'url': 'crossref', 'lang': 'crossref', 'abstract': 'crossref'}",{'crossref': 7},"X010.R000 resolved | hits:OA,CR | winner:- | filled:venue:CR; lang:CR; abstract:CR | missing:-",PASS_CLEAN,,,A2,,"{""A2"": {""status"": ""MET"", ""decision"": ""meet"", ""confidence"": 0.8, ""threshold"": 0.6, ""field"": ""abstract"", ""quote"": ""translucent head-mounted display (HMD)"", ""quote_valid"": true, ""span"": [165, 182], ""used"": true}}",PASS_CLEAN: all IL criteria MET.
A351,103389fninf2022758537,Novel Hybrid Brain-Computer Interface for Virtual Reality Applications Using Steady-State Visual-Evoked Potential-Based Brain–Computer Interface and Electrooculogram-Based Eye Tracking for Increased Information Transfer Rate,Jisoo Ha; Seonghun Park; Chang‐Hwan Im,Jisoo Ha,2022.0,10.3389/fninf.2022.758537,https://pubmed.ncbi.nlm.nih.gov/35281718,,,Frontiers in Neuroinformatics,16,,,Frontiers Media SA,en,https://doi.org/10.3389/fninf.2022.758537,0.9,resolved,openalex,2026-01-22T21:50:24Z,X010,"Brain–computer interfaces (BCIs) based on electroencephalogram (EEG) have recently attracted increasing attention in virtual reality (VR) applications as a promising tool for controlling virtual objects or generating commands in a “hands-free” manner. Video-oculography (VOG) has been frequently used as a tool to improve BCI performance by identifying the gaze location on the screen, however, current VOG devices are generally too expensive to be embedded in practical low-cost VR head-mounted display (HMD) systems. In this study, we proposed a novel calibration-free hybrid BCI system combining steady-state visual-evoked potential (SSVEP)-based BCI and electrooculogram (EOG)-based eye tracking to increase the information transfer rate (ITR) of a nine-target SSVEP-based BCI in VR environment. Experiments were repeated on three different frequency configurations of pattern-reversal checkerboard stimuli arranged in a 3 × 3 matrix. When a user was staring at one of the nine visual stimuli, the column containing the target stimulus was first identified based on the user’s horizontal eye movement direction (left, middle, or right) classified using horizontal EOG recorded from a pair of electrodes that can be readily incorporated with any existing VR-HMD systems. Note that the EOG can be recorded using the same amplifier for recording SSVEP, unlike the VOG system. Then, the target visual stimulus was identified among the three visual stimuli vertically arranged in the selected column using the extension of multivariate synchronization index (EMSI) algorithm, one of the widely used SSVEP detection algorithms. In our experiments with 20 participants wearing a commercial VR-HMD system, it was shown that both the accuracy and ITR of the proposed hybrid BCI were significantly increased compared to those of the traditional SSVEP-based BCI in VR environment.",Brain–computer interface; Computer science; Electrooculography; Stimulus (psychology); Virtual reality; Visualization; Artificial intelligence; Computer vision; Interface (matter); Eye movement; Gaze; Eye tracking,True,article,True,True,False,doi,,"{'venue': 'crossref', 'volume': 'crossref', 'publisher': 'crossref', 'url': 'crossref', 'lang': 'heuristic'}","{'crossref': 4, 'heuristic': 1}","X010.R000 resolved | hits:OA,CR | winner:- | filled:venue:CR; lang:HE | missing:-",PASS_CLEAN,,,A2,,"{""A2"": {""status"": ""MET"", ""decision"": ""meet"", ""confidence"": 0.8, ""threshold"": 0.6, ""field"": ""abstract"", ""quote"": ""However, current VOG devices are generally too expensive to be embedded in practical low-cost VR head-mounted display (HMD) systems."", ""quote_valid"": false, ""span"": [249, 273], ""used"": true}}",PASS_CLEAN: all IL criteria MET.
A435,101145210079210084,Taking steps,Mel Slater; Martin Usoh; Anthony Steed,Mel Slater,1995.0,10.1145/210079.210084,,,,ACM Transactions on Computer-Human Interaction,2,3,201-219,Association for Computing Machinery (ACM),en,https://doi.org/10.1145/210079.210084,0.9,resolved,openalex,2026-01-22T21:51:07Z,X017,"This article presents an interactive technique for moving through an immersive virtual environment (or “virtual reality”). The technique is suitable for applications where locomotion is restricted to ground level. The technique is derived from the idea that presence in virtual environments may be enhanced the stronger the match between proprioceptive information from human body movements and sensory feedback from the computer-generated displays. The technique is an attempt to simulate body movements associated with walking. The participant “walks in place” to move through the virtual environment across distances greater than the physical limitations imposed by the electromagnetic tracking devices. A neural network is used to analyze the stream of coordinates from the head-mounted display, to determine whether or not the participant is walking on the spot. Whenever it determines the walking behavior, the participant is moved through virtual space in the direction of his or her gaze. We discuss two experimental studies to assess the impact on presence of this method in comparison to the usual hand-pointing method of navigation in virtual reality. The studies suggest that subjective rating of presence is enhanced by the walking method provided that participants associate subjectively with the virtual body provided in the environment. An application of the technique to climbing steps and ladders is also presented.",Computer science; Virtual reality; Human–computer interaction; Virtual machine; Gaze; Computer vision; Movement (music); Optical head-mounted display; Simulator sickness; Artificial intelligence; Climbing; Engineering,False,article,True,True,False,doi,,"{'venue': 'crossref', 'volume': 'crossref', 'issue': 'crossref', 'pages': 'crossref', 'publisher': 'crossref', 'url': 'crossref', 'lang': 'crossref'}",{'crossref': 7},"X017.R000 resolved | hits:OA,CR | winner:- | filled:venue:CR; lang:CR | missing:-",EXCLUSION_SUPPRESSED,,,,,"{""A2"": {""status"": ""SUPPRESSED"", ""decision"": ""not_meet"", ""confidence"": 0.6, ""threshold"": 0.6, ""field"": ""abstract"", ""quote"": """", ""quote_valid"": false, ""span"": null, ""used"": true}}","EXCLUSION_SUPPRESSED: the model answered not_meet on A2 — a removal justified by absence, which is never auto-acted, whatever the provider (flag-only is in force for this provider besides). The record was NOT excluded and needs human review."
A521,10114529106742910681,Ogma,Dylan Ebert; Sanika Gupta; Fillia Makedon,Dylan Ebert,2016.0,10.1145/2910674.2910681,,,,Proceedings of the 9th ACM International Conference on PErvasive Technologies Related to Assistive Environments,,,1-5,ACM,en,https://doi.org/10.1145/2910674.2910681,0.9,resolved,openalex,2026-01-22T21:51:32Z,"X021,X023","One of the traditional methods of learning a new language, or Second-Language Acquisition (SLA), is immersion, seen today as one of the most effective learning methods. Using this method, the learner relocates to a new place where the target language is the dominant language, and tries to learn the language my immersing themselves in the local environment. One of the disadvantages of this method is that relocating to a new place is not always a viable option. That's where Virtual Reality (VR) can come to our rescue. VR is an immersive technology that allows the user to wear a head-mounted display to be immersed in a life-like virtual environment. In our research, we explore the possibility of utilizing the power of VR for SLA by building a system called Ogma, which helps users immerse themselves in an environment representing a foreign place. In our pilot study, we built a VR system and performed user studies by comparing learning performance using VR against the traditional method. In both cases, users were given a set of ten Swedish words to learn. Results indicated that percentage retention using our VR method was significantly higher than that of the traditional method. In addition, the effectiveness and enjoyability ratings given by users were significantly higher for the VR method. This proves that our system has potential impact on SLA by using VR technology, without suffering the disadvantages of the traditional method.",Virtual reality; Computer science; Immersion (mathematics); Human–computer interaction; Set (abstract data type); Multimedia; Virtual machine; Language acquisition; Mathematics education; Psychology; Operating system; Programming language,False,conference,True,True,False,doi,,"{'venue': 'crossref', 'pages': 'crossref', 'publisher': 'crossref', 'url': 'crossref', 'lang': 'heuristic'}","{'crossref': 4, 'heuristic': 1}","X021.R000 resolved | hits:OA,CR | winner:- | filled:venue:CR; lang:HE | missing:-",PASS_CLEAN,,,A2,,"{""A2"": {""status"": ""MET"", ""decision"": ""meet"", ""confidence"": 0.9, ""threshold"": 0.6, ""field"": ""abstract"", ""quote"": ""In our pilot study, we built a VR system and performed user studies by comparing learning performance using VR against the traditional method."", ""quote_valid"": true, ""span"": [68, 134], ""used"": true}}",PASS_CLEAN: all IL criteria MET.
A570,1010800958822120201752735,The impact of a virtual reality app on adolescent EFL learners’ vocabulary learning,Tzu-Yu Tai; Howard Hao-Jan Chen; Graeme Todd,Tzu-Yu Tai,2020.0,10.1080/09588221.2020.1752735,,,,Computer Assisted Language Learning,35,4,892-917,Informa UK Limited,en,https://doi.org/10.1080/09588221.2020.1752735,0.9,resolved,openalex,2026-01-22T21:52:32Z,X023,"VR technology allows learners to access simulated, immersive and interactive virtual environments to perform authentic learning activities. In particular, VR has emerged as a valuable tool for L2 learning. However, VR research has tended to pay more attention to desktop-based VR than to VR via mobile-rendered HMDs, leaving the potentials of VR through mobile-rendered HMDs yet to be investigated. Therefore, this study fills the gap by using a commercial VR app to examine the effect of VR via mobile-rendered HMDs on EFL learners' vocabulary learning. Forty-nine seventh graders in Taiwan were recruited from two intact classes and assigned to either an experimental (VR players) or control (video watchers) group. The VR players interacted with Mondly VR app using mobile-rendered HMDs and took part in conversations with virtual characters. The video watchers watched the walkthrough video signal of the VR player's app via a personal computer. Vocabulary tests, a perception questionnaire, and interviews were used to evaluate the participants' vocabulary learning. The results showed that the VR players' vocabulary learning and retention was significantly higher than the video watchers'. The majority of the VR players felt that VR-mediated vocabulary learning was motivating and beneficial. The VR app contextualized vocabulary learning by providing virtual environments with multimodal support and enhanced learner engagement through real-time interactivity and feedback. The video watchers' feedback revealed mixed feelings. Some felt that the walkthrough video facilitated vocabulary learning by providing word meaning and use in context. Others reported it lacked interactivity and their attention was easily distracted.",Vocabulary; Interactivity; Multimedia; Computer science; Virtual reality; Context (archaeology); Mobile device; Human–computer interaction; Psychology; World Wide Web; Biology; Philosophy,False,article,True,True,False,doi,,"{'venue': 'crossref', 'volume': 'crossref', 'issue': 'crossref', 'pages': 'crossref', 'publisher': 'crossref', 'url': 'crossref', 'lang': 'crossref'}",{'crossref': 7},"X023.R000 resolved | hits:OA,CR | winner:- | filled:venue:CR; lang:CR | missing:-",EXCLUSION_SUPPRESSED,,,,,"{""A2"": {""status"": ""SUPPRESSED"", ""decision"": ""not_meet"", ""confidence"": 0.7, ""threshold"": 0.6, ""field"": ""abstract"", ""quote"": """", ""quote_valid"": false, ""span"": null, ""used"": true}}","EXCLUSION_SUPPRESSED: the model answered not_meet on A2 — a removal justified by absence, which is never auto-acted, whatever the provider (flag-only is in force for this provider besides). The record was NOT excluded and needs human review."
A580,10114533323053332311,Virtual Reality For Anatomical Vocabulary Learning,Yossiri Yossatorn; Ratchadawan Nimnual,Yossiri Yossatorn,2019.0,10.1145/3332305.3332311,,,,Proceedings of the 2019 3rd International Conference on Virtual and Augmented Reality Simulations,,,16-20,ACM,en,https://doi.org/10.1145/3332305.3332311,0.9,resolved,openalex,2026-01-22T21:52:34Z,X023,"Virtual Reality has become popularly pervasive among people in the digital society. The prevalent availability and usefulness of VR lend facilitations to diverse disciplines, especially medicine. The current study developed a Virtual Reality (VR) anatomical vocabulary learning program. The anatomical contents were developed by using three-dimensional (3D) and game-engine softwares. The developed program was operated on a high-performance personal computer and presented to the participants through fully immersive VR gears: head-mounted display and sensory handheld remote controls. The effectiveness of the program system and usage satisfaction were examined by medical and VR experts, and thirty health practitioners. The system program was assessed to be at a highest level (x = 4.65). The operating system and satisfaction were highly rated (x = 4.57). The results indicated that the program development in the study is practical and applicable to educational training and future research.",Virtual reality; Computer science; Multimedia; Human–computer interaction; Vocabulary; Mobile device; World Wide Web; Philosophy; Linguistics,False,conference,True,True,False,doi,,"{'venue': 'crossref', 'pages': 'crossref', 'publisher': 'crossref', 'url': 'crossref', 'lang': 'heuristic'}","{'crossref': 4, 'heuristic': 1}","X023.R000 resolved | hits:OA,CR | winner:- | filled:venue:CR; lang:HE | missing:-",PASS_CLEAN,,,A2,,"{""A2"": {""status"": ""MET"", ""decision"": ""meet"", ""confidence"": 0.9, ""threshold"": 0.6, ""field"": ""abstract"", ""quote"": ""The developed program was operated on a high-performance personal computer and presented to the participants through fully immersive VR gears: head-mounted display and sensory handheld remote controls."", ""quote_valid"": true, ""span"": [123, 185], ""used"": true}}",PASS_CLEAN: all IL criteria MET.
A607,101016jcompedu2019103778,"A systematic review of immersive virtual reality applications for higher education: Design elements, lessons learned, and research agenda",Jaziar Radianti; Tim A. Majchrzak; Jennifer Fromm; Isabell Wohlgenannt,Jaziar Radianti,2019.0,10.1016/j.compedu.2019.103778,,,,Computers &amp; Education,147,,103778,Elsevier BV,en,https://doi.org/10.1016/j.compedu.2019.103778,0.9,resolved,openalex,2026-01-22T21:52:43Z,X024,"Researchers have explored the benefits and applications of virtual reality (VR) in different scenarios. VR possesses much potential and its application in education has seen much research interest lately. However, little systematic work currently exists on how researchers have applied immersive VR for higher education purposes that considers the usage of both high-end and budget head-mounted displays (HMDs). Hence, we propose using systematic mapping to identify design elements of existing research dedicated to the application of VR in higher education. The reviewed articles were acquired by extracting key information from documents indexed in four scientific digital libraries, which were filtered systematically using exclusion, inclusion, semi-automatic, and manual methods. Our review emphasizes three key points: the current domain structure in terms of the learning contents, the VR design elements, and the learning theories, as a foundation for successful VR-based learning. The mapping was conducted between application domains and learning contents and between design elements and learning contents. Our analysis has uncovered several gaps in the application of VR in the higher education sphere—for instance, learning theories were not often considered in VR application development to assist and guide toward learning outcomes. Furthermore, the evaluation of educational VR applications has primarily focused on usability of the VR apps instead of learning outcomes and immersive VR has mostly been a part of experimental and development work rather than being applied regularly in actual teaching. Nevertheless, VR seems to be a promising sphere as this study identifies 18 application domains, indicating a better reception of this technology in many disciplines. The identified gaps point toward unexplored regions of VR design for education, which could motivate future work in the field.",Computer science; Virtual reality; Usability; Domain (mathematical analysis); Instructional simulation; Key (lock); Human–computer interaction; Inclusion (mineral); Multimedia; Psychology; Computer security; Social psychology,True,article,True,True,False,doi,,"{'venue': 'crossref', 'volume': 'crossref', 'pages': 'crossref', 'publisher': 'crossref', 'url': 'crossref', 'lang': 'crossref'}",{'crossref': 6},"X024.R000 resolved | hits:OA,CR | winner:- | filled:venue:CR; lang:CR | missing:-",PASS_CLEAN,,,A2,,"{""A2"": {""status"": ""MET"", ""decision"": ""meet"", ""confidence"": 1.0, ""threshold"": 0.6, ""field"": ""abstract"", ""quote"": ""The paper does not rely on desktop-only non-immersive VR."", ""quote_valid"": false, ""span"": [235, 249], ""used"": true}}",PASS_CLEAN: all IL criteria MET.
A613,101007s1005501803463,Virtual memory palaces: immersion aids recall,Eric Krokos; Catherine Plaisant; Amitabh Varshney,Eric Krokos,2018.0,10.1007/s10055-018-0346-3,,,,Virtual Reality,23,1,1-15,Springer Science and Business Media LLC,en,https://doi.org/10.1007/s10055-018-0346-3,0.9,resolved,openalex,2026-01-22T21:52:44Z,X024,"Abstract Virtual reality displays, such as head-mounted displays (HMD), afford us a superior spatial awareness by leveraging our vestibular and proprioceptive senses, as compared to traditional desktop displays. Since classical times, people have used memory palaces as a spatial mnemonic to help remember information by organizing it spatially and associating it with salient features in that environment. In this paper, we explore whether using virtual memory palaces in a head-mounted display with head-tracking (HMD condition) would allow a user to better recall information than when using a traditional desktop display with a mouse-based interaction (desktop condition). We found that virtual memory palaces in HMD condition provide a superior memory recall ability compared to the desktop condition. We believe this is a first step in using virtual environments for creating more memorable experiences that enhance productivity through better recall of large amounts of information organized using the idea of virtual memory palaces.",Computer science; Recall; Mnemonic; Immersion (mathematics); Virtual reality; Human–computer interaction; Optical head-mounted display; Virtual machine; Virtual memory; Multimedia; Overlay; Artificial intelligence,True,article,True,True,False,doi,,"{'venue': 'crossref', 'volume': 'crossref', 'issue': 'crossref', 'pages': 'crossref', 'publisher': 'crossref', 'url': 'crossref', 'lang': 'crossref'}",{'crossref': 7},"X024.R000 resolved | hits:OA,CR | winner:- | filled:venue:CR; lang:CR | missing:-",EXCLUSION_SUPPRESSED,,,,,"{""A2"": {""status"": ""SUPPRESSED"", ""decision"": ""not_meet"", ""confidence"": 0.8, ""threshold"": 0.6, ""field"": ""abstract"", ""quote"": """", ""quote_valid"": false, ""span"": null, ""used"": true}}","EXCLUSION_SUPPRESSED: the model answered not_meet on A2 — a removal justified by absence, which is never auto-acted, whatever the provider (flag-only is in force for this provider besides). The record was NOT excluded and needs human review."
A629,101007s1005500600391,Presence: a unique characteristic in educational virtual environments,Tassos A. Mikropoulos,Tassos A. Mikropoulos,2006.0,10.1007/s10055-006-0039-1,,,,Virtual Reality,10,3-4,197-206,Springer Science and Business Media LLC,en,https://doi.org/10.1007/s10055-006-0039-1,0.9,resolved,openalex,2026-01-22T21:53:05Z,X025,"This article investigates the effect of presence on learning outcomes in educational virtual environments (EVEs) in a sample of 60 pupils aged between 11 and 13&nbsp;years. We study the effect of personal presence, social presence and participant’s involvement on certain learning outcomes. We also investigate if the combination of the participant’s representation model in the virtual environment (VE) with the way it is presented gives a higher sense of presence that contributes to learning outcomes. Our results show that the existence of an avatar as the pupils’ representation enhanced presence and helped them to successfully perform their learning tasks. The pupils had a high sense of presence for both cases of the EVE presentation, projection on a wall and through a head mounted display (HMD). Our socialized virtual environment seems to play an important role in learning outcomes. The pupils had a higher sense of presence and completed their learning tasks more easily and successfully in the case of their egocentric representation model using the HMD.",Avatar; Computer science; Sense of presence; Representation (politics); Virtual reality; Human–computer interaction; Projection (relational algebra); Virtual representation; Presentation (obstetrics); Instructional simulation; Virtual learning environment; Multimedia,False,article,True,True,False,doi,,"{'venue': 'crossref', 'volume': 'crossref', 'issue': 'crossref', 'pages': 'crossref', 'publisher': 'crossref', 'url': 'crossref', 'lang': 'crossref', 'abstract': 'unpaywall'}","{'crossref': 7, 'unpaywall': 1}","X025.R000 resolved | hits:OA,CR | winner:- | filled:venue:CR; lang:CR; abstract:UN | missing:-",EXCLUSION_SUPPRESSED,,,,,"{""A2"": {""status"": ""SUPPRESSED"", ""decision"": ""not_meet"", ""confidence"": 0.7, ""threshold"": 0.6, ""field"": ""abstract"", ""quote"": """", ""quote_valid"": false, ""span"": null, ""used"": true}}","EXCLUSION_SUPPRESSED: the model answered not_meet on A2 — a removal justified by absence, which is never auto-acted, whatever the provider (flag-only is in force for this provider besides). The record was NOT excluded and needs human review."
A772,101016jgaitpost201606010,The effect of viewing a virtual environment through a head-mounted display on balance,Maxime T. Robert; Laurent Ballaz; Martin Lemay,Maxime T. Robert,2016.0,10.1016/j.gaitpost.2016.06.010,https://pubmed.ncbi.nlm.nih.gov/27344394,,,Gait &amp; Posture,48,,261-266,Elsevier BV,en,https://doi.org/10.1016/j.gaitpost.2016.06.010,0.9,resolved,openalex,2026-01-22T21:54:07Z,X030,,Balance (ability); Virtual reality; Optical head-mounted display; Dynamic balance; Computer science; Virtual machine; Virtual representation; Human–computer interaction; Physical medicine and rehabilitation; Simulation; Artificial intelligence; Medicine,False,article,True,True,False,doi,,"{'venue': 'crossref', 'volume': 'crossref', 'pages': 'crossref', 'publisher': 'crossref', 'url': 'crossref', 'lang': 'crossref'}",{'crossref': 6},"X030.R000 resolved | hits:OA,CR | winner:- | filled:venue:CR; lang:CR | missing:abstract",EXCLUSION_SUPPRESSED,,,,,"{""A2"": {""status"": ""SUPPRESSED"", ""decision"": ""not_meet"", ""confidence"": 1.0, ""threshold"": 0.6, ""field"": ""abstract"", ""quote"": """", ""quote_valid"": false, ""span"": null, ""used"": true}}","EXCLUSION_SUPPRESSED: the model answered not_meet on A2 — a removal justified by absence, which is never auto-acted, whatever the provider (flag-only is in force for this provider besides). The record was NOT excluded and needs human review."
A773,101007s1005501602886,An objective measure for the visual fidelity of virtual reality and the risks of falls in a virtual environment,Rosemary J. Menzies; Samuel Rogers; Anastasia Phillips; Elodie Chiarovano; Catherine de Waele; Frans A.J. Verstraten; Hamish G. MacDougall,Rosemary J. Menzies,2016.0,10.1007/s10055-016-0288-6,,,,Virtual Reality,20,3,173-181,Springer Science and Business Media LLC,en,https://doi.org/10.1007/s10055-016-0288-6,0.9,resolved,openalex,2026-01-22T21:54:08Z,X030,"Despite decades of development of virtual reality (VR) devices and VR’s recent renaissance, it has been difficult to measure these devices’ effectiveness in immersing the observer. Previously, VR devices have been evaluated using subjective measures of presence, but in this paper, we suggest that postural stability can be used to objectively assess visual fidelity of VR headsets. We validated this measure by testing known differences between the devices. This study also aimed to determine the stability of healthy participants, while in a stable virtual world, compared to eyes-open and eyes-closed conditions and therefore provide a standard of safety requirements for future experimentation. Participants’ ability to maintain a stable centre of pressure was measured using a Wii Balance Board, covered by a foam pad. Stability in eyes-open and eyes-closed conditions was compared with: (1) an iPod Touch in a simple Google cardboard style headset, (2) the Oculus Rift Development Kits (DK) DK1, DK2, with and without the tracking of linear head movements, and (3) the Samsung Gear VR. With a stable VR visual stimulus, the eyes-open condition allowed for significantly greater postural stability than the other conditions, which supports the validity of posturography as a measure of visual fidelity. Further, the iPod Touch, with its narrow field of view and rudimentary software, was significantly less effective at destabilising participants with visual perturbations than the other headsets, with their wider field of view and time warping. Unexpected results are discussed with respect to the possible limitations of the experimental design.",Headset; Virtual reality; Computer science; Immersion (mathematics); Optical head-mounted display; Fidelity; Human–computer interaction; Android (operating system); Simulation; Computer vision; Telecommunications; Pure mathematics,False,article,True,True,False,doi,,"{'venue': 'crossref', 'volume': 'crossref', 'issue': 'crossref', 'pages': 'crossref', 'publisher': 'crossref', 'url': 'crossref', 'lang': 'crossref', 'abstract': 'unpaywall'}","{'crossref': 7, 'unpaywall': 1}","X030.R000 resolved | hits:OA,CR | winner:- | filled:venue:CR; lang:CR; abstract:UN | missing:-",EXCLUSION_SUPPRESSED,,,,,"{""A2"": {""status"": ""SUPPRESSED"", ""decision"": ""not_meet"", ""confidence"": 0.9, ""threshold"": 0.6, ""field"": ""abstract"", ""quote"": """", ""quote_valid"": false, ""span"": null, ""used"": true}}","EXCLUSION_SUPPRESSED: the model answered not_meet on A2 — a removal justified by absence, which is never auto-acted, whatever the provider (flag-only is in force for this provider besides). The record was NOT excluded and needs human review."
